[
    
    {"command" : "CMD,1095,SIMP,ENABLE"},
    {"command" : "CMD,1095,SIMP,ACTIVATE"},
    {"command" : "CMD,1095,SIMP,101312"},
    {"command" : "CMD,1095,SIMP,101300"},
    {"command" : "CMD,1095,SIMP,101311"},
    {"command" : "CMD,1095,SIMP,101397"},
    {"command" : "CMD,1095,SIMP,101388"},
    {"command" : "CMD,1095,SIMP,101322"},
    {"command" : "CMD,1095,SIMP,101312"},
    {"command" : "CMD,1095,SIMP,101384"},
    {"command" : "CMD,1095,SIMP,101378"},
    {"command" : "CMD,1095,SIMP,101318"},
    {"command" : "CMD,1095,SIMP,101324"},
    {"command" : "CMD,1095,SIMP,101022"},
    {"command" : "CMD,1095,SIMP,100723"},
    {"command" : "CMD,1095,SIMP,100424"}
    
]